frame,hand_index,angle_thumb_pip,angle_thumb_dip,angle_index_pip,angle_index_dip,angle_middle_pip,angle_middle_dip,angle_ring_pip,angle_ring_dip,angle_pinky_pip,angle_pinky_dip,dist_thumb_index,dist_thumb_middle,dist_thumb_ring,dist_thumb_pinky,dist_index_middle,dist_index_ring,dist_index_pinky,dist_middle_ring,dist_middle_pinky,dist_ring_pinky,thumb_y_rel_wrist,thumb_y_rel_index_mcp,thumb_dist_to_index_mcp,thumb_palm_dist,thumb_adduction_angle
0,0,150.0050168807768,146.7610460862311,125.98836083649324,101.91325618352948,58.237390400234766,141.5016091335829,55.922126634863304,151.30693777598628,102.07221723824583,140.17598256560197,0.12850840387117166,0.08999864298019956,0.095081405325903,0.16060303004156856,0.10694806412905727,0.19071303955796762,0.27243010475764173,0.09943755175421293,0.19014570468772501,0.0912987790810273,-0.15854895114898682,0.045702964067459106,0.06536584531472185,0.052259347117829584,37.42094951924562
1,0,141.23481627213891,158.25376343135625,126.14454249904148,113.15250808388463,58.23411425843503,144.86753475579374,57.088592526705355,148.21326608611872,102.96722432686605,143.58698503651885,0.16107940761851205,0.1087331494861954,0.08353788578476694,0.1431533911834,0.1093042666696505,0.193886995295224,0.27873987593487703,0.10324211874486126,0.19735499091877098,0.09449535976394055,-0.13983309268951416,0.07344543933868408,0.09461759509277864,0.07378988586329524,36.05274894316363
2,0,147.57287911180094,158.80098489237088,106.41413668079754,115.89613636743313,54.21041474067408,149.77198063042857,57.123906966738836,150.89457003682003,95.1362421667954,147.09134660827547,0.13336561255730336,0.09167103831062702,0.0807729563091655,0.13998851623240688,0.10069118610105102,0.18125071293964715,0.2557228235803679,0.09933839590922715,0.18074983823835014,0.08157341910176198,-0.16386312246322632,0.060039013624191284,0.08458710147684251,0.0702089082170205,34.56625258305817
3,0,147.71989767917174,157.91144734139235,104.48367749450149,111.08907130067819,48.81283603232137,151.81386137185382,57.678822696007266,154.4232337181458,99.32235810210938,149.6093738637264,0.13407547815929574,0.08429460374634268,0.0770496541496643,0.13456617655317119,0.09958395951765434,0.18600010141680917,0.25499890768924893,0.10309337935516039,0.17770438526665536,0.07471841565785,-0.17010974884033203,0.05967488884925842,0.08286992656859915,0.06449156913994653,32.55477010860659
4,0,148.29238096268625,156.2841013317128,97.62637244260398,115.61041683069148,46.176510576343254,153.84274822432252,53.8640045522636,154.94002276277305,96.03944567695382,152.11979714677975,0.1307147406777021,0.08341901180317011,0.07878054895232182,0.13102588235553653,0.09883196431539634,0.17852945760703579,0.24653511127842798,0.09412225207627241,0.16861330366478938,0.07476008535706967,-0.1704917848110199,0.060932159423828125,0.08626692055405116,0.06802082022193341,33.18985339559441
5,0,147.79404083691009,156.4542021867113,99.81151703198064,109.95906146450568,51.12166345004897,149.44944261407517,53.66257762813467,154.9110137964379,100.74229375153882,150.452555307678,0.13219237115478788,0.09247609018980792,0.07656654750040322,0.133741763534393,0.09576551597784654,0.1761542490625681,0.2510230726406657,0.09834485630839411,0.18017669862892463,0.08199070119916448,-0.16978144645690918,0.06176024675369263,0.08248214035029813,0.06221806237626679,33.296401549087776
6,0,150.16626354214208,161.78937822487174,87.59129731706288,121.35887077768146,51.976084862722985,150.46965625894043,56.75582322590498,155.88687567245046,99.91091325496002,152.88277585685432,0.11323583586112781,0.08191036167470386,0.07994991269418206,0.13707978197443843,0.09084932339472272,0.17295914004906235,0.241801650886128,0.10203703253533221,0.17771782308030534,0.0758560814233161,-0.18373748660087585,0.04918038845062256,0.06981951630785123,0.0543284646477101,32.49256450004646
7,0,148.63961485611884,153.61041319912297,128.77268683055402,102.2268778787584,53.73292562293749,148.19190073142022,47.28345924500939,158.76316412739035,94.03534261623369,156.68602553901658,0.1465975451378545,0.09580871609316571,0.07539260166422475,0.12839090703542608,0.10471623984220071,0.18421168706498123,0.2606015443582769,0.09492061438278784,0.1790837473511498,0.08445764909121634,-0.16910016536712646,0.05950021743774414,0.08093310953624379,0.060194429959833026,33.68779721397365
8,0,150.00567660271824,161.5873868283081,90.47408523334647,121.52224152697539,50.76549672873109,152.24020948503156,59.94827133716738,154.31457902494995,99.92903217867806,151.64291028840847,0.11412682425813186,0.08010799699502172,0.08317099953206158,0.14028632132130428,0.09310259588779325,0.1753118670887316,0.24373587415022302,0.09966365074367141,0.17409827572918998,0.0745456394161373,-0.17876622080802917,0.05015459656715393,0.07421876576200563,0.06101812326861074,33.44795254642585
9,0,145.7437228086877,147.33670494312975,139.64219846434034,110.52712942593185,58.55616293185742,144.50742970850916,50.52226362098228,157.09460731148374,99.58140217890538,155.79945603892145,0.16290501715971079,0.11061925705934463,0.07934273848190367,0.12781574095416923,0.10939684362962993,0.1913803376742566,0.270824198795063,0.09891030832765858,0.18690189404447727,0.08830591149866777,-0.15832820534706116,0.0699884295463562,0.08795738692277606,0.06351126747709072,34.461678097428056
10,0,149.52245195654103,167.21225687214707,78.0298287992291,134.5248937636822,47.762346186634254,154.10220274381336,60.31222325591033,153.21702779655533,98.63869112343197,151.99202043951416,0.10476831315070279,0.07782442745873869,0.0824814888203061,0.13824260504442626,0.07987479781711962,0.16613737046865143,0.23162508656492017,0.1035887261645119,0.17325595304428335,0.0696917802024339,-0.17582112550735474,0.04864037036895752,0.07596194257380831,0.06459993582001597,33.81948655421996
11,0,150.78270126654792,161.6656063948036,132.70201339749434,111.26997548281226,63.62133336382914,140.00682728984518,43.80426094509587,160.41604441083965,87.91811900139102,159.15357668898346,0.13918471891685905,0.09190394976743355,0.06739799339175571,0.12155574717562963,0.09667891530185223,0.173135515626621,0.2521363135728732,0.09206220121759558,0.17882139099806013,0.08732028559023025,-0.1738760769367218,0.05298641324043274,0.07028748239757812,0.04916121465222893,34.27221545094671
12,0,147.15067975557355,150.72390519873522,143.2618650124147,130.32677541343443,80.96915573174677,129.62251846545405,60.37391623858529,157.37087111798408,102.16358022494583,156.71263665099664,0.15736772125282197,0.11063366441846628,0.06873991844865562,0.11447363092562922,0.10275760618115781,0.19335921959461522,0.2616834969391638,0.1140108539292067,0.19055146949575844,0.07689666411897284,-0.15895327925682068,0.060389310121536255,0.08081330884562898,0.061581319871627266,35.22173110029941
13,0,148.38856530220417,156.71455277370086,144.96907303173145,127.81735492842618,85.69596084164881,125.44884344582941,61.83279377739573,155.5540559214367,103.90208390376094,154.2742084332378,0.1565961284352259,0.11302870617151321,0.07198977129778962,0.12067087797020806,0.10446364782806786,0.19634552439198827,0.26755101923816993,0.11695588501313636,0.19750498761101343,0.0809931084810157,-0.16003021597862244,0.05980363488197327,0.07833011593946247,0.0586256401650337,35.959013651183895
14,0,149.28643990786335,153.2759842341102,151.76491863533013,151.20545831746819,76.99525999802226,132.2123005708821,58.72604207327113,157.88974236930798,103.89410525416537,154.47093764306874,0.16794408713072306,0.11788184454549804,0.07393519508354512,0.11856133308316204,0.10803807084616011,0.20159672270578324,0.2742814107698009,0.11573982488032342,0.19865689476329365,0.0837325784438131,-0.1513688862323761,0.0663767158985138,0.08355673011970291,0.05986489889432785,36.49583332924692
15,0,150.27202626990828,160.5504087569036,142.52064103262114,125.36150513881178,81.80879406113229,127.24821082616197,52.11867966017511,158.37835438597233,93.13569906302196,157.06459800931523,0.1540289645435673,0.11768304310780138,0.07661865641389753,0.1261719951010924,0.09726345947846486,0.18859380975329468,0.2668573503469505,0.11422174046927959,0.20304208347068287,0.0897193511770382,-0.15898606181144714,0.0584370493888855,0.07823558742801233,0.059392943819817474,37.03277068361619
16,0,150.15693088521945,158.61866327569155,145.7151572576651,129.3637951969333,75.45063005469157,133.27293951343756,47.44433691884434,160.40162162318413,89.87072129981597,158.18140630672497,0.15748524593557087,0.11891126711513983,0.07855036663322697,0.12383063879791206,0.09869413980886575,0.1889366039410037,0.266799239194504,0.11174462033341678,0.201338400368725,0.09091543410856738,-0.15812605619430542,0.06090781092643738,0.07935091474361537,0.0594420631329222,37.06442239101584
17,0,151.4950708664352,160.25607990504415,143.26116406152752,126.23011019188257,73.06407777641721,135.4198934421202,50.1635938696732,160.13667876737748,93.22884024143397,156.49573360370232,0.15678830082302095,0.12100651818161477,0.07991561321469154,0.12701862716813664,0.09789909008503603,0.1884445084947523,0.26714919651877794,0.11232407015835127,0.20274986173164142,0.09194544640256885,-0.15611112117767334,0.06130838394165039,0.08088209091533818,0.06294745657022899,36.91374992558553
18,0,148.76325299743323,151.72520287262,149.67601810306414,141.18747503809365,81.15694218324954,127.13465150181777,48.48095625270588,159.15309181719093,94.53893139217517,157.4599625366543,0.1695357934765287,0.13445158992715728,0.08108394167436643,0.11873508624176243,0.09771002107990422,0.18835480147687064,0.26910901200448123,0.1140506362644303,0.2081650225788091,0.0959266952888331,-0.14650508761405945,0.07076048851013184,0.08848344965120547,0.06396094678938735,36.94686004409756
19,0,147.47100223108248,155.47718819765805,141.15441730742108,127.11177115767931,75.3394103030216,130.08768097308462,49.22775666971507,155.5465234974531,94.61347326766027,153.4909039937,0.17103675365498217,0.13771745413079733,0.08684456556539688,0.12617781747097884,0.09441281767101029,0.18403107083219217,0.27026056216370153,0.11095549135294222,0.21082895194323276,0.10214612661474189,-0.14005833864212036,0.07687750458717346,0.09641128273314195,0.07100624956480006,37.02099329320935
20,0,150.96988568757826,155.82879446649812,141.97732150939254,120.46112794342386,85.7022393436562,123.57244242230162,48.44458730193425,158.99767467634956,89.21021841058956,158.04650928269882,0.16892371886756374,0.13607887021713966,0.0803451639710743,0.11678360907920417,0.09531987134083923,0.18209394772757265,0.26613859579938953,0.11044706078515007,0.2105169771693808,0.10287022443513441,-0.14662837982177734,0.07569026947021484,0.09558951108072689,0.06768868710455708,36.09999961187713
21,0,152.51325245972066,159.54371558668552,130.86219495435387,112.03739223730533,77.47994671099042,131.87082499908234,47.717449317738314,159.75006576215674,88.8598470687602,157.96626795556446,0.1557078278519731,0.12872393196148846,0.0821551192279966,0.12583068484780366,0.09008272637010727,0.17569540482733492,0.26070712117422423,0.10879395156088219,0.20865443231016645,0.10237159201558756,-0.15202754735946655,0.07145407795906067,0.09376780561410647,0.07111548751683408,35.96797587885102
22,0,152.13668807428695,164.3776286767788,131.76194319725883,113.34453532593221,76.27820860150807,132.87463536044606,42.697617097357465,161.80912111813552,81.0713123841257,160.32322794191825,0.1581488385048433,0.12673027962100397,0.07424460464953539,0.11545895031956534,0.0861454035333617,0.16966565918903875,0.2554010004774735,0.10508620999250826,0.20575117448000257,0.1032876846407961,-0.15086793899536133,0.07353106141090393,0.09534114201856507,0.06807290271298147,35.09375755080743
23,0,150.89622249017543,161.6608061070751,132.74085462055513,104.55996976982456,67.77826562998177,136.70903395545943,40.28522891548333,159.81599867034134,86.22212065454028,156.25703093208108,0.17610826889353257,0.13800977420263322,0.08185686334415278,0.11657840793050117,0.0873654211196415,0.16932878493209577,0.26011587725880814,0.10036410262089542,0.20661489635679037,0.1094586300365736,-0.13262850046157837,0.09071949124336243,0.11416550027062784,0.07769404123469506,34.650067006768225
24,0,150.54693451100331,158.27202468750372,143.88802578591284,123.1162447898106,96.11980675130714,114.92636061222096,40.8952007447462,159.56836324364974,82.77185139429146,162.11645005252325,0.17239815067995032,0.1459702449520734,0.0825946074358425,0.10577354370026021,0.08494921885010659,0.16329951160149858,0.2566749571278551,0.10318631739967637,0.21616793965928863,0.1166645315560691,-0.1416458785533905,0.0803745687007904,0.10387635176646116,0.07061589182826256,34.45093698763382
25,0,148.08350108398233,158.3304335596473,139.92735374649038,106.11064412518645,77.5759238788295,123.98071049026854,41.19621729655806,156.13466032434724,94.64792813075555,151.70149103587477,0.16929586352719186,0.14462276567451496,0.087569963666174,0.12403729297089817,0.08484773864507208,0.16550763221464282,0.260829488012297,0.1039204266377977,0.21517467375447438,0.11408113842303216,-0.13443368673324585,0.08745673298835754,0.10597726510454371,0.07207396189415502,35.411888708036486
26,0,148.19809813313418,157.65334423966334,152.21569629162235,130.74872611447088,112.47768336998888,99.13365118891969,35.773052541788196,163.63176879718227,82.70419949588836,166.0079327080802,0.1855101111830937,0.16000001094886596,0.08945556099337783,0.1034347880719405,0.08503315822506238,0.1667573551901666,0.25943706248923964,0.10849749102361474,0.2205049377611703,0.1156860409655503,-0.12867742776870728,0.09168055653572083,0.11320969329955376,0.0736798150916948,34.0732077892521
27,0,141.90901683072417,162.51394707769236,104.12467554584465,109.09435648462035,51.5623516074375,144.31268304440638,40.39343534187554,153.59051562144236,109.37094664974823,148.4778570044172,0.15726136204566382,0.128943831428004,0.08921990505209242,0.1393470486182886,0.0808756877862893,0.15921068724544832,0.2602521849486585,0.09504785362526766,0.21047869071977973,0.11817618236672972,-0.13145089149475098,0.09250667691230774,0.1116997899656741,0.0747749751301692,34.346745162632494
28,0,148.28011526911612,157.80670379342072,122.15929568307645,108.81213218573713,94.48410101860534,115.21223355439018,39.46671913891814,158.52729515542765,83.90660097940479,163.72668828630137,0.1572814597589282,0.13900336574120845,0.08244994444272086,0.11782892648730543,0.08042996395154338,0.15155510225130872,0.25033250295103754,0.09873512159965925,0.21561824313279124,0.11906131811117823,-0.15188735723495483,0.08161735534667969,0.10420342356229413,0.0718043471352467,32.20569621277896
29,0,144.75185092822264,160.2330416017489,156.28348516737844,134.23774037439543,137.39465590313023,92.44451298702191,29.078129087993695,166.53605716515582,76.95451289580383,173.18163461544304,0.19653875063798287,0.17450102887472904,0.08894060059038636,0.08200960713578972,0.07760600976618681,0.15745606060536183,0.2500571489160316,0.11325861944358216,0.22366963455079286,0.11371795265288351,-0.12964940071105957,0.0992702841758728,0.12503064674786302,0.07398408429763118,30.637534901776178
30,0,146.34318832461895,168.46797574333286,125.92018798844083,131.52290245715014,81.68700423674449,128.4490007813275,44.91890038232607,155.47610257890005,91.91425532907475,164.44347641372255,0.1731477382506753,0.14807353841006907,0.09411892295969135,0.11131687112070834,0.07498794055292873,0.15439978862701317,0.2512920698608753,0.09725552868929799,0.21241760367383888,0.12036283183925184,-0.12885290384292603,0.10304433107376099,0.12673412082411384,0.08583975153702801,31.566556345348722
31,0,161.2644372777685,165.45627715711584,129.37758962787046,125.58936883961002,61.08654592286687,145.07641208659052,33.395375752062385,167.1312567267184,75.78081189661184,176.93754344703277,0.1730513320096354,0.14453527349791961,0.08507851471442457,0.07129048537888638,0.04557304775232252,0.1181599767082378,0.203529559885583,0.08149287246420618,0.17336363302550437,0.09441483662706572,-0.11300313472747803,0.10465958714485168,0.12466634641867372,0.07729419520443877,26.68307297340533
32,0,148.59179993679308,147.7969205804953,152.10808676771038,162.75656694270154,115.268091997898,110.02399286651473,54.88684586244781,160.66404817363244,95.03837385051185,159.36116898537378,0.17486523401381432,0.15209982240135755,0.0820661867313299,0.10139751782699506,0.07806371083605579,0.18301806982397634,0.25740580914018796,0.12954376113179406,0.21410144821335567,0.08697358642006743,-0.1547439694404602,0.07716315984725952,0.09760921253825833,0.06903279517722731,35.80687906114589
33,0,150.74285086030181,165.73340334161875,154.19830530582445,123.25039210182354,81.99413912078164,133.45178819371378,35.84802136419578,169.07612324624014,75.96546265860877,172.13303239828588,0.18045651284354722,0.13633865506062798,0.06697444056039369,0.06514693282203103,0.06528362915777713,0.14210804948251535,0.22137930545385875,0.08896898909651071,0.1724595309802153,0.08405531033855966,-0.12798428535461426,0.09641396999359131,0.11104031849794083,0.06785177838330451,29.40135787696015
34,0,149.7078923471186,155.881375199694,160.53345165507844,172.0418402389719,136.61523621952117,93.77381146153319,47.99865614359216,156.41041807368282,84.60844761458699,158.84636009115886,0.18827900968387654,0.16705534358739496,0.07170424986618676,0.06876385956243705,0.0621452879788402,0.1592050710821274,0.2425242446570904,0.12118638067429077,0.21469420780628723,0.0962355606373124,-0.13644099235534668,0.08600333333015442,0.10979500303672726,0.06845356237064976,32.21421815445851
35,0,145.65637579785738,155.77331974469496,147.49709927003187,153.34106073180737,95.54711200095952,111.6647149885988,41.869055848626154,158.66490545478115,82.31543869321271,160.19438129148938,0.1788734420493947,0.15371952349391688,0.09773355759511143,0.11377438208767951,0.08166599819313886,0.16621612109030884,0.2629956268477423,0.10160484426504808,0.21234903476282652,0.11363426603054863,-0.13850587606430054,0.0847046971321106,0.09951858423940169,0.06805160076497249,38.876491814994566
36,0,150.79613453162244,159.14250731239986,157.82679508596405,148.22776506992483,117.7494378463544,104.09830611997242,44.19419373232902,165.44656576682993,74.26858370350651,170.4093159734444,0.19584653839997848,0.16249650670065227,0.0849925945139943,0.09181566534869262,0.08560155467283587,0.1734127386093559,0.2593997018657152,0.1113116385491197,0.2136083060090745,0.10569687502075331,-0.12943512201309204,0.09418648481369019,0.11869175893959728,0.07936219723205545,34.88822781460617
37,0,146.84792686446872,160.74096729219585,153.63133411585207,154.13354226776676,83.48474715742081,126.3743872741905,41.40063857092415,160.77616522067294,86.26011081063932,163.10002167116284,0.19233984654812836,0.1494751278883537,0.08849770513310547,0.10445343470812622,0.08235739952024673,0.17218382165904036,0.2686157403798218,0.10367116344458281,0.21427668931611937,0.11496818754784417,-0.1260073184967041,0.09942102432250977,0.11966124026214921,0.07304203695791629,34.719328543127816
38,0,149.28291947560098,156.21120119002208,149.022287974612,142.79310359215685,77.33676481393668,130.96866445187123,40.485860162845945,159.79612444051259,81.23089020612234,160.21069280520734,0.1790744452843098,0.1422480846444738,0.09484662425029049,0.12248096880261602,0.08817992206047871,0.17245830427250744,0.26822543573405505,0.09954088311186746,0.20797981325383771,0.11060604222250059,-0.1404070258140564,0.08580702543258667,0.10601051992539123,0.074746621564211,37.69227491816145
39,0,150.46958307768966,153.38005800831206,161.02028198029544,156.06692661122116,120.73642482568366,100.54987598778095,48.40226135244274,157.92160310124376,87.56101719946807,163.3185989729914,0.18982618259465947,0.16622125053774783,0.09915868907309165,0.10797731553198042,0.08897202804147443,0.17669906646403513,0.2689836702975017,0.11254295594028059,0.22052675237306077,0.1104121024896449,-0.13581854104995728,0.08584451675415039,0.10134713227018284,0.06657572489572097,38.94141796268238
40,0,148.81988057067247,158.80900688292172,170.9311378813981,170.20951659067487,147.88840628449205,90.4083747584455,47.47645438458278,156.27150688332603,94.29087323282383,161.09767063598647,0.19122447043935362,0.17023395849512304,0.10181430071728592,0.11559749597316007,0.08789043652368272,0.17995759585619578,0.27780393487066474,0.11916115402057709,0.2319924501307096,0.11514411965510257,-0.14154469966888428,0.08160167932510376,0.09833091264441327,0.06416490290427493,37.02886058699326
41,0,152.78219858917237,162.03069082377746,154.01643355904375,138.96671872808847,102.18256348051567,116.24991205240934,46.60573229091558,160.97760384707314,79.72081854512045,163.5251153430761,0.16169266650133643,0.127462838990565,0.08069998375061525,0.1179662058625435,0.08227877075920388,0.16379885770977592,0.2582974692972778,0.09674947224100515,0.20255977132253516,0.10746399480325594,-0.15968400239944458,0.07104304432868958,0.09213705581285028,0.06842631524513768,36.02452490663877
42,0,154.21949772591955,158.2286567262175,144.44903769788743,143.11103562869323,91.82948661176405,127.69813742516223,45.286127722008345,160.2376812974091,77.79858463600439,164.62224736527355,0.15441582808044857,0.13020777265090858,0.08819735544655842,0.11529562070441111,0.06875808164745133,0.15041089959223009,0.2468008012633685,0.09482679427275603,0.20312994841534787,0.11179945488154536,-0.15227845311164856,0.07529351115226746,0.09491258224284564,0.06968589018517693,37.82906277804715
43,0,148.77380210129445,147.95433758579256,154.8698646781884,152.80462649493026,61.48437544150573,138.43567037820566,36.89789953667468,158.65106397776282,79.77099601926534,158.10587404131604,0.17254280511499184,0.1322095836722086,0.0923404408099106,0.1210107530583836,0.08786323658643982,0.16861297738430006,0.26083744895001787,0.09163885910838535,0.1935021151200775,0.1033927788287129,-0.14762163162231445,0.07798165082931519,0.0932223327181607,0.06192998008132644,37.2827524999191
44,0,152.00094948115114,161.00148145086067,138.12761888519543,128.0074388926936,71.96211043939299,142.3629910282622,38.188518778426,167.77467766480044,79.9702962232972,170.12533912902953,0.16779157680639273,0.13307190879511427,0.07492037370994785,0.10050128469770529,0.07553301313409194,0.15877331591751648,0.2467854724854636,0.1000271748198029,0.19938310594339476,0.10154047795071612,-0.14208412170410156,0.08219671249389648,0.1077592442969414,0.07290171707366942,35.15601841988465
45,0,151.88991590064833,155.2547964750704,146.71415792846648,131.73339540720357,76.98500690904446,135.874722328329,40.46641210430952,165.45703542655903,78.47009425320105,166.66657914182227,0.1785060451701152,0.13602320794443035,0.08213189672351562,0.10701282553886185,0.08516067424708385,0.1669078476449354,0.2574403915968491,0.09634664729348322,0.19813347082930982,0.10353816889758669,-0.14108777046203613,0.08809119462966919,0.11091754291417613,0.07591418099026744,35.712498745511986
46,0,148.61324892032465,156.49193282745466,152.49090381603864,148.58045814284665,81.71737998586809,130.93700763657873,37.72165838272034,165.51345281580882,78.35280724405838,167.24502476688644,0.18922159961294394,0.14888569701591503,0.08518674149601949,0.10189276106285367,0.08644076034481704,0.1715072602484697,0.2608458031747416,0.10327073767309848,0.20464956122076292,0.10309672399930163,-0.13189393281936646,0.09146985411643982,0.11545813068239022,0.07708145043150898,35.65743209151049
47,0,147.58435226316303,153.98058863272826,153.16633553395482,146.64010089284614,99.42693044192025,115.63408837977255,41.25508297997482,163.60828303921684,80.35429643230525,165.2276753783691,0.1798234943056593,0.14961845750618294,0.08025590164390757,0.10395495812572424,0.08417079185765955,0.17171347360966657,0.2580204843755707,0.11065567803031401,0.2085017517366448,0.09913719192396579,-0.13908183574676514,0.0862073004245758,0.10539275390982665,0.06885683958278838,35.70737212299083
48,0,146.53907787610177,154.391839612521,158.222505996439,157.1629512010875,100.39552555898786,110.01399024813925,38.5603223127977,161.20146586014735,86.79462005770496,164.17794805128815,0.17531348736212227,0.14641934990809796,0.08221228251179799,0.10908384837349258,0.08282313414877572,0.17075665407381693,0.26100185107926077,0.11034593675510056,0.21316878336689735,0.10452583998041717,-0.14267629384994507,0.08046543598175049,0.09938294926927105,0.06324931068338902,35.53886094777478
49,0,148.8792242673513,156.71161997740205,168.82442033453984,171.11417365299874,143.38299470132307,84.68006061295019,40.5951903151047,160.16425490991043,81.81891192965844,166.1701826438854,0.18248474198505113,0.1589582773721352,0.08479996922130463,0.10526528302127537,0.08429779469558218,0.17281984156603913,0.2645050973178669,0.1170703522952552,0.2234581436531419,0.10835897864777498,-0.1457110047340393,0.07903656363487244,0.09864407877851013,0.062083204127897425,35.0787060660041
50,0,145.4883125029522,160.53821254420504,149.18967107920093,142.88690155886562,74.1209993843329,135.31999060561023,38.75254741883188,161.43887059958112,72.33814192700174,165.0899383022756,0.1811027139266883,0.13441993485547962,0.07547850461266109,0.09420791514729568,0.08358196732891561,0.1646954205801149,0.2534126286130057,0.0946206588242639,0.19586035288189096,0.10402983567277645,-0.13653546571731567,0.09407097101211548,0.11607203719150036,0.07139797910987053,33.82524659491381
51,0,150.51154778883435,161.13731089626532,146.87106110426737,145.77394366081788,84.88922615116876,132.30515933704874,38.44200033248588,167.556176711446,67.78552435562028,170.4603163809931,0.18020246188451094,0.14052354459163663,0.07626756327363673,0.09392970673851826,0.07975422915012159,0.16186038659697394,0.24829914449749288,0.09961622235750968,0.19729583667162953,0.09939182083773938,-0.14003610610961914,0.08656993508338928,0.11450678761538623,0.07906793874620613,34.46649852168975
52,0,145.57495508930398,157.77173454644648,153.43608774019435,146.36474727138074,108.266041301773,107.81513237675009,39.241200321387836,163.4955880342273,84.79701529080903,166.3635194599445,0.17495623023181422,0.14986580037148128,0.07428177270827482,0.10369424326450237,0.08177837567426964,0.16818575591688548,0.2571906094816086,0.11500471356789937,0.21620264007563586,0.10228126702841445,-0.1414913535118103,0.08526015281677246,0.10691404389428978,0.07032428896662242,33.488254963898505
53,0,144.59535848212678,158.62089668953323,150.59094471092178,143.13671557479327,77.31234733790406,128.80867282022137,35.12680389166852,164.02298135553127,80.12312202957534,167.28880689783705,0.1709964752192483,0.1362984972792842,0.07223291884196954,0.1028323287817717,0.07739305534755644,0.1629792232778443,0.25057208358037036,0.10582650732284556,0.20448086100374666,0.10018936031999438,-0.1411731243133545,0.0832349956035614,0.10831483733230886,0.06864343504022007,32.542703343526014
54,0,145.702065936399,155.7732054801632,151.7130040496919,144.58542113331603,111.08643389405488,108.43249303593299,37.18236384484585,166.2857473624042,72.72765553923136,170.33172126273413,0.17168929042416414,0.14739018253727176,0.07150953472967908,0.0942120958471362,0.07694837303859998,0.16079970739603058,0.24645264867513042,0.11168804068048108,0.20916452079026882,0.09865947439487006,-0.14581972360610962,0.08183616399765015,0.105926382697477,0.06975907711672209,32.73798139325411
55,0,147.7049060054342,158.61337204835786,158.6451207960541,153.83591068881242,125.296524695898,95.580003039252,38.71526447287766,163.26543049397014,77.47889200226764,168.67360014264898,0.1788675482305963,0.15702082749351473,0.0771313873976799,0.09138590454093865,0.07815167065899023,0.16096661015378788,0.24959982015616494,0.11257101426688036,0.21387823458919766,0.10253373221843863,-0.14065659046173096,0.08768782019615173,0.10776809473030768,0.06775797294410972,33.206960671618255
56,0,150.20355194861412,163.83253814490828,160.9276283876897,163.7431504733336,122.30398567443706,102.35139366803698,40.02951749751502,165.06042074976415,76.82974092093264,169.63191161111683,0.18813809102413515,0.1583442654061386,0.0743014569319693,0.08263467088709764,0.07872080237839565,0.16514778843365363,0.25097375234040575,0.11324807203157856,0.2120353723436109,0.10063777870188435,-0.13610607385635376,0.09146988391876221,0.1138229501176173,0.07125607817331059,32.8803591294401
57,0,151.1001620130939,163.6091103740131,119.94590075627394,133.57609403605858,72.07820627730084,143.09684878045937,40.64061691181506,165.65067726910314,69.39643804796874,170.37382260928197,0.14258169184096267,0.11983697969865689,0.06818409374894081,0.09166669600147889,0.05074649869800288,0.13250302414291143,0.21778367785151267,0.09204918322170715,0.18498268762832873,0.0958728389676846,-0.15243321657180786,0.07927408814430237,0.09954699225699974,0.06833755513192243,34.457257926635556
58,0,147.41387296055962,156.87290077564208,157.98675965538436,154.04176294733514,120.15280622572463,100.74666174034891,38.37336270238176,162.95609180925564,68.89001088270066,165.2499617427463,0.18004192398434418,0.1567209549342447,0.0916833966898776,0.08253489689499251,0.07742824274727013,0.14888509215338402,0.24027744368047052,0.0939089043129002,0.19902965207408996,0.10720401805367302,-0.14657574892044067,0.08076441287994385,0.0996502875843881,0.06528643605569959,36.508987802264755
59,0,148.44284769637542,161.30447783619263,163.3820283907858,168.7907604528401,135.87110945210412,103.66742575901793,43.28590910914553,161.05972485469715,76.08527274315027,167.7036217346491,0.18279374676691487,0.16162246788005513,0.0794022071928323,0.08807850553554608,0.07988157464770783,0.16510593866708473,0.25219106652330864,0.1161294800147527,0.21806937823274417,0.10414059324807352,-0.14414304494857788,0.08529412746429443,0.10741581883655309,0.06955627814597701,33.95994134127174
60,0,156.42859797954893,155.10903529874224,136.9443961294427,164.4463528920415,74.21092900277634,141.23195254695588,39.82351228272435,163.2020890724944,66.20426255191425,168.51064872027314,0.16280331144249602,0.13646330929558126,0.0896435545099909,0.09176370510516257,0.05714754466144164,0.13394422970034828,0.22056416329527373,0.08566338940880514,0.18208220649293613,0.10054805511197207,-0.13818061351776123,0.08534041047096252,0.11164314469234074,0.08398269899126784,34.94119280606297
61,0,147.62064329808285,152.35589735621738,159.12828722095944,167.548385016272,120.77811445550621,112.19453987608331,48.20005809852895,155.64993118333828,80.73500603458517,159.87500346595013,0.18184852357064368,0.16167963529686907,0.09844691824208694,0.08637485432730678,0.07315802557327312,0.15142939234976308,0.23995847847170493,0.09961801919501422,0.20201958243201018,0.10579566494159093,-0.1456294059753418,0.08259201049804688,0.10343069731123557,0.07406379386271615,36.56350636681418
62,0,147.6278323680536,155.38346294531456,150.09738626397328,151.62144394196687,107.9896423244432,110.60250177622042,41.772521662659294,159.1035556592702,74.66278278737879,165.04994022051784,0.1697869342560251,0.1522432798925806,0.09584275080436815,0.10554560123558193,0.07022458179063007,0.15032209969199953,0.24532782143767456,0.09977268428909329,0.20984516180019044,0.11361158085329348,-0.14690089225769043,0.08470088243484497,0.11109470784147064,0.08042154503856952,35.18323192266146
63,0,161.37475226855804,165.56863539742253,111.12351554719,154.60705854806483,70.54482829190692,141.7103505380634,46.5563598539899,154.10555914885578,105.80529565041213,120.98246859357955,0.1071685120689341,0.1489031437923796,0.15466383781263113,0.19676092560096342,0.04431253783290678,0.06299725526852201,0.12012717135756902,0.03271424892238641,0.09275564565293529,0.06371946412996428,-0.10341650247573853,0.048308223485946655,0.07659995951232998,-0.02496032460097497,63.93426258818485
64,0,145.8540481009821,148.4145481558034,129.9405473467684,131.8328236362135,55.31965130914763,135.48848116373745,37.34624886080715,145.35905360117798,68.83535105066534,143.72495064664676,0.16195264158697814,0.12809975134752694,0.08475301538524739,0.09245132999261749,0.06254680061393253,0.13805202033530833,0.22884135487068163,0.08241597921559818,0.1838714498119026,0.10669323560921531,-0.1537190079689026,0.07781285047531128,0.11065932649796319,0.062034892062787485,32.694091118066964
65,0,179.11902666640097,153.18551120052106,136.26510477146292,153.2679498045804,59.08703105760083,151.05134036442604,44.32879292903242,160.02298334926704,61.60393437870263,158.13747936868552,0.15526758878120037,0.1509173577627269,0.12648814815005732,0.10962997224725966,0.030449337617488637,0.07543989127378238,0.1329140086666229,0.049501909579929594,0.11472586734247231,0.07138406198523235,-0.12018340826034546,0.07340726256370544,0.1125819958671084,0.0897895424782083,48.41348643288614
66,0,149.83857034846653,147.57650872872017,143.12908075403607,147.90405635896374,77.57358933331469,131.11566659517032,45.62881793106345,151.41474216043005,64.19827097287747,160.84064013695811,0.1743640632233197,0.13858018351457366,0.10390007473902203,0.08662549452557357,0.06391032453012176,0.13288758997328776,0.227777355277835,0.0731581411398126,0.17963502157600414,0.11471950969623775,-0.1475875973701477,0.08002012968063354,0.11927111255953893,0.07522478891907648,32.657958224074626
67,0,151.76502285178458,149.04623143814982,147.47382433103886,137.82520759605433,88.88470518174344,124.2872618759811,45.25399358779906,157.6288497091642,77.60230278677722,162.6481156591347,0.15600683896992062,0.13868505391029018,0.11505903095056219,0.12959965960430742,0.0658918260768146,0.14223379911105027,0.2469227623338005,0.08363601286574807,0.20162275695738036,0.12430084809811344,-0.15455633401870728,0.07302060723304749,0.10002857758331549,0.07761895901336384,38.66139207257812
68,0,154.4608539139246,149.08673624224073,139.35547678147827,109.5631978444538,81.94698258110108,126.92328901797677,48.93137212597878,152.6130307285968,80.03795876606841,153.0827569736279,0.1506986204901928,0.13782395465578987,0.1253761213102833,0.142900292280093,0.06560513167781075,0.1368061996845062,0.23473076767406803,0.07697837602556931,0.18469932821139348,0.11189858656421245,-0.15702944993972778,0.07182329893112183,0.09026033181515894,0.06711328131184725,42.70238040685478
69,0,153.1356175560404,154.08178492514926,157.56895103536675,161.04023954012308,125.41471899342324,102.05052942644157,69.06319485565722,141.06358649411973,96.68978042255617,155.76674044987956,0.15586290750561405,0.14957748164925114,0.13247315701448062,0.1455569996623267,0.07086208099866238,0.1461492718964033,0.25212980326392365,0.08615002986839675,0.2073728144488617,0.12755139901932813,-0.15810233354568481,0.06521773338317871,0.0816289608192379,0.06174724167689208,41.18528050511612
70,0,149.4572875789415,151.2084765194936,142.0424985161629,138.61486576752216,76.32721640612523,129.15440004318614,40.773523249799084,152.84862052857665,66.17311512738351,158.94470370801722,0.1499679376521195,0.13139359275534748,0.12319499179133878,0.1403258376928546,0.06828329888748558,0.13810192302080782,0.24032348632194883,0.0747039295127728,0.18822897898970514,0.12024149360674563,-0.1499057114124298,0.07116392254829407,0.08846229020842544,0.06379792265861933,42.765483372754694
71,0,155.296207585514,154.75607836310598,152.53894544101883,147.8546168019249,95.8601786810852,111.87728733305748,45.87566838488434,151.32996059768865,70.68690127192643,158.2922545310981,0.15434944359088001,0.14165955191608107,0.12256756985240044,0.13726344479149377,0.06833102033880056,0.14003172955402313,0.2375411144401756,0.08012244799960415,0.1883977729433101,0.11191990026505233,-0.15141749382019043,0.06664225459098816,0.07937830116707748,0.05536780084904972,43.59432781292056
72,0,153.4427798542437,151.63073458415536,151.30896199386908,154.29924446920023,114.37893786995996,105.16547063695003,53.102415003968964,152.52126942550757,73.86566521677506,161.6925945865858,0.1489550347841987,0.13567583865918667,0.10992217991769394,0.12828168028525924,0.06798803886254165,0.14278295764169144,0.24143078717697253,0.08556680398877436,0.1974192029164496,0.11632746340612973,-0.15596404671669006,0.06582006812095642,0.08281801065896584,0.0610321654634476,40.61330785595958
73,0,149.34030972654892,148.5245036297363,122.35824786480705,110.46260502774601,50.645837391033126,147.46417751947953,32.545880783018696,158.43237403658966,58.19182688828629,162.32288501410832,0.1304009392854189,0.1090662612987568,0.09834897863963248,0.12732472886824311,0.0645369486216531,0.13513188662367828,0.22424635926990558,0.07619717972717141,0.17506116223001766,0.10363551229694935,-0.1575508713722229,0.06657916307449341,0.08423962165106899,0.059870127579116375,38.66897785526218
74,0,159.2955975817524,155.76974585802378,123.21453084585424,140.88012797434726,50.61929970732398,150.3657187977696,31.808348410651153,165.1026372230939,46.432081206321975,171.2715720980968,0.146891085845626,0.11742892029978694,0.07868300495756612,0.07121208173578653,0.04902146894201777,0.11054086270673828,0.1880279095755053,0.0655858769454102,0.15068118839927255,0.08937987268402282,-0.1360453963279724,0.07903993129730225,0.10512321316145824,0.06754636602260217,31.399870022402894
75,0,150.3371175816655,146.87855337806965,147.26918732000692,149.50508233981554,76.6133707600523,122.62006093657179,31.16167518943496,155.8197409955482,55.91457699348511,160.70471524686286,0.1565042252560756,0.14213105331706732,0.10594313240221791,0.10386846941241328,0.056543995437412856,0.13090201683083477,0.21738152539164496,0.08438819713455034,0.18114758983115295,0.1009328701218382,-0.14966660737991333,0.07539549469947815,0.08757205805520306,0.05279222776082276,39.26091259731995
76,0,146.05591758258774,156.71801567046637,91.50827379077714,141.51559265093573,54.975322645713504,150.15658356635979,31.23071506864512,163.81322300019693,63.767210252928614,170.7537747556257,0.13997206380802069,0.12662594619604983,0.09156536903084914,0.10091187124891218,0.047815205609182974,0.11653491690554267,0.2085137023886508,0.07812532582298534,0.18282243690618435,0.11109049794235672,-0.14217936992645264,0.092932790517807,0.11872844631706092,0.07749061144485801,33.09847958013304
77,0,148.91626092748854,155.50572484245214,96.09762055563343,133.9867527216812,54.59494105257911,149.70839980808532,35.19773518460457,161.67832212921252,65.97713268335715,165.8997653929527,0.16441721382855978,0.1409739981386048,0.09995506077111274,0.09093104593891738,0.0567572806010068,0.12049254493374985,0.21512156419063153,0.07238884576413099,0.17986528461307738,0.11221923663849528,-0.12668025493621826,0.1005403995513916,0.12901596619825156,0.0858789633162373,34.82295522834011
78,0,153.22499736486267,151.7308951398226,108.95769864700235,147.23244824273084,52.54606560969541,154.94646478388358,28.945558777396048,167.04152290730636,62.738522398717805,173.3838730582171,0.16570804678750417,0.1422080432662087,0.10003606429513538,0.09072066537523485,0.052996629614462686,0.12110557853295269,0.21445774505408183,0.07602045923117468,0.18125437811284575,0.11088831319925294,-0.1306016445159912,0.09907925128936768,0.13156453448038696,0.0840229434526661,31.06972791535219
79,0,150.22051874388714,150.8047326860925,121.86581804472738,130.8644558318536,74.68407735699279,135.4371269851798,33.61853601334956,162.72483291134702,59.33656169685785,167.56710787320964,0.15170017780787712,0.14401112800867086,0.10209368382061053,0.10492415191475811,0.055567179539430495,0.12560714324524014,0.22267679937725593,0.0836833393724767,0.19400832345831942,0.11429783595491674,-0.14795267581939697,0.08154293894767761,0.10574019748423491,0.07644606823992367,36.784710680118295
80,0,152.82348335980373,147.936116088885,143.6968171745825,150.4365287076624,96.60962969095813,122.66532604521059,41.28691466447536,159.6524059121545,61.70039272424538,163.60411453135424,0.1697080839311857,0.15688597937199017,0.11322574629836418,0.10409157207543666,0.06150648036149124,0.13514135332369043,0.2297020161647505,0.08613204094517458,0.1939234240584582,0.11197477687293492,-0.14022797346115112,0.08227536082267761,0.10915565931758608,0.08500285987546544,38.83215490783584
81,0,156.70065043394203,145.20935409239908,139.6142887715942,153.29441520243927,87.59349160384075,129.48349107876655,47.914856641763976,157.16545393165836,64.57694558209502,158.00258413461177,0.14472907674766505,0.12894214344403845,0.10120843833590688,0.0969106429016609,0.05271350574548335,0.11492130054354165,0.19756347618721412,0.06841161622609124,0.16059449127140957,0.09621532406175527,-0.16163811087608337,0.05885973572731018,0.08745664827628323,0.07576976192564014,39.591566023009236
82,0,152.84531328327787,148.1970729537801,154.21359218122157,148.1055712178528,116.7877061581208,108.19740254516844,37.04955620988681,164.18662723114667,51.66756957325205,163.16693126693414,0.16275524424167104,0.14839535311226795,0.0993292201945158,0.08933784549361018,0.05820738792075049,0.12717230551489367,0.21442148201492917,0.08346031654081681,0.18197982016863098,0.10126507741774243,-0.15167325735092163,0.06869098544120789,0.10704112070200253,0.07963407134671319,34.11523391042522
83,0,152.74159593477495,146.44301107886352,139.52195364672798,106.1124070467242,80.79017455989329,130.75429441124408,37.24560343581822,163.24847196115374,51.093745795931895,163.0604823537334,0.1349719887604762,0.12655752270995504,0.10122994536358644,0.11084810611742091,0.051402848333297696,0.11688378771660568,0.20420625984304194,0.074144305446045,0.17090739121020884,0.10006562297222257,-0.16404390335083008,0.05744701623916626,0.08735434074410159,0.0716307879548185,38.27583845128003
84,0,157.639612533198,146.5181373096159,151.21740484242045,160.14717288222792,75.64174105125916,141.37148659958746,42.977617799574354,162.6044834473297,52.93351486471215,159.87851280594705,0.15047411386217813,0.123925339452788,0.10194680603267832,0.09507756998239317,0.058961042834788945,0.12054614166682388,0.1977206638813615,0.06465237263713713,0.1485004821536975,0.08805355447049908,-0.15218526124954224,0.05762037634849548,0.08417905488947933,0.06853295400437327,40.34568912148151
85,0,157.77869174173216,157.78679934092526,125.21921284883828,128.8775241774165,49.84312275305283,158.92913112853438,37.591846496215744,165.8265891592897,52.73564206570906,158.79153111464666,0.12898801015074202,0.10280299248863568,0.08010915367327152,0.08292378185071025,0.04888502049136037,0.10766444614555876,0.1839129133527743,0.06053375223095603,0.14242834860877185,0.08628120075929752,-0.15576568245887756,0.05784597992897034,0.08671105040545402,0.06420240241339217,37.19076476839832
86,0,156.75361930815097,150.04043063006264,158.3002658380506,146.68838467432118,102.63296691285178,117.03432192214665,56.95825613218373,151.44457760285295,90.4270776355321,138.77031851855213,0.1430104545369015,0.12376493908251657,0.10686914473268716,0.1260353835856661,0.058174153634244705,0.12620298164769594,0.2130734989863379,0.0721021543695467,0.16299106510315475,0.0928121361106207,-0.16417118906974792,0.05388611555099487,0.07292746389709168,0.056002045475749745,39.8204076246535
87,0,161.63490242297433,157.06659557965602,157.34763234791518,157.82783303165775,100.66224993811483,108.15695150006849,56.97857316191268,141.27827071810697,148.6206621926884,154.0130422227138,0.13385325411436852,0.11836955943247943,0.11900879910982337,0.18838125214381413,0.06612407737153475,0.1341430886396192,0.23569664114664732,0.07107550181606061,0.17128786535037246,0.10173155987592489,-0.17415779829025269,0.03554370999336243,0.05892580531517371,0.0509897290783943,39.75047927480309
88,0,163.68253839642105,156.25006003942266,157.82167783338934,146.2858387832892,136.37613782367538,76.63350243972745,61.64573574559386,137.91207471993766,154.55549895106773,159.66278776096897,0.12634350452427456,0.1250550495475475,0.11457518298024774,0.19587241861947297,0.06909206301718959,0.13583641687841266,0.24220524427509021,0.07674382502761568,0.1789771776508961,0.10663524078733581,-0.1785697340965271,0.02778741717338562,0.05665886147443192,0.05165694152104136,38.121578186364324
89,0,165.4494305198621,165.69920483205846,162.9027077256751,164.00960426385595,142.12550247765128,89.48988043041845,80.12222874201859,126.6029334425436,156.10458346634832,160.11263159909916,0.1249214235152569,0.12014956203537733,0.1155070164821475,0.19430357453634864,0.07351066987169784,0.14098368900553485,0.2484335701334753,0.0763914314449164,0.18129245717871234,0.1075377202984986,-0.18236449360847473,0.02122431993484497,0.05136144623510865,0.04737138696658799,38.001184794038956
90,0,162.77251153769788,161.34935534241484,159.06310539631085,149.01987823508102,112.90942225340284,108.31375308043614,59.19037058419209,145.33752783290424,142.6229807658163,148.0526405596434,0.12431915571484707,0.10768520291011954,0.11335762063979563,0.18798598012337703,0.0781981982094279,0.143482594959896,0.2483795206592047,0.0706010565760524,0.17461652431993077,0.10512094534812184,-0.1785392165184021,0.025265216827392578,0.0539604997862052,0.05007671707053479,39.661447825213195
91,0,163.45348422550163,165.55876688813268,141.59340280956937,116.13260044534732,80.52427572617462,130.18151970593496,48.12798294670978,156.2260081288251,127.98814445926682,140.7272780079459,0.10298390723567327,0.08880214689676362,0.10449145548234864,0.1871377011301739,0.07194116412888499,0.14225809097482595,0.24591285415876868,0.07431634512955185,0.1783954159574506,0.10425322428116499,-0.18667885661125183,0.022662758827209473,0.051008965168409526,0.0475439639161163,38.17308977570098
92,0,154.84224131011206,146.66023565776104,120.21498593831828,118.89979361281455,73.03015906116254,135.48526068231376,47.606772915316384,155.6137350532339,76.54158343416827,154.94454964760035,0.12256439405613928,0.10830788354150502,0.10522863609142079,0.15357208843774586,0.06347251140348933,0.13558760871092876,0.23468206331138564,0.07723632828100467,0.18354040073258587,0.10866697132229802,-0.15670058131217957,0.059310585260391235,0.08219532437960413,0.06629026328769849,39.44624779150052
93,0,145.5545048124494,156.16144118355024,106.97054967460741,127.45160171338837,65.89486530932317,135.45460507199758,38.66889976262644,155.81082599113043,75.92028580468208,156.950835158635,0.14096929077271614,0.12316997588096482,0.08207445202116206,0.11730436248656385,0.05588648927875109,0.1316299693485911,0.2295283874579728,0.08707832100723034,0.19436618817178275,0.10970922689675716,-0.1314142346382141,0.08443856239318848,0.11083465273651187,0.07164955354415534,36.96131288476901
94,0,141.24143535078528,157.10053929472065,92.66968382919453,128.0548323514886,56.870724115045356,140.59652195109675,40.56321369817698,153.16155202730408,75.78243657064732,155.600551026756,0.14176868965967887,0.1286986245791653,0.08806652708842491,0.11566873229671518,0.05895585505058593,0.13219341306746435,0.2250512562207291,0.08634520766340255,0.19158276558327603,0.10950744945560681,-0.13013440370559692,0.08991479873657227,0.11368715293603997,0.0752449376329735,35.56697173195847
95,0,141.3068270965375,158.52480687603577,115.9678720041841,121.39534425457205,63.711613901022666,135.06723043595935,40.75877021584549,153.93544603313487,80.1695548092059,156.90849179349283,0.15767652812242516,0.1351025870434114,0.09386934461901887,0.10950351107147058,0.06861602820510858,0.14406727250573742,0.23800260621313543,0.08757607271866387,0.19773109368375874,0.11605125176975495,-0.13286834955215454,0.09199702739715576,0.1084580289606991,0.0629096980369108,35.70465083473994
96,0,147.74694445609708,175.51090557578107,112.96729923191482,109.56467265077015,70.97257123472784,138.47525362546395,45.87438303234395,160.76292990157162,74.86666375619932,164.49664854849627,0.11561703293164284,0.09556991731236456,0.06255062890880987,0.12285366756118375,0.049363153300062655,0.13387559104748303,0.22490689274611975,0.09326157331764226,0.18958579918443214,0.09784022782267147,-0.16561952233314514,0.05893179774284363,0.07780761637457442,0.057949940963512046,35.004386693250595
97,0,147.420651601862,161.06721073900388,124.31643514912852,92.11374619007782,66.36988195096342,133.5811579664769,48.29937989821599,153.6171034632652,79.14647977071768,155.18990856021222,0.14632173730884124,0.11658454952566795,0.08235869441882114,0.11723106255738136,0.09692925765227497,0.1704349948934991,0.24121270275795753,0.09378491685263116,0.1721845226821072,0.07849834966396067,-0.1527661681175232,0.06843918561935425,0.08297266041378622,0.05582406110920094,36.763414229366404
98,0,149.6106209015461,144.75385561994645,101.25051261662446,109.50177287187321,60.83482373684388,146.11199538220572,66.74834587330182,149.21623918078726,94.75231861934515,139.57900336470115,0.12376013755023987,0.08457038761169432,0.09308284069339545,0.13720331205323294,0.10838252964051781,0.17429838952199403,0.22955076837979613,0.07269958497451136,0.1279641564328049,0.0559903200225135,-0.171055406332016,0.05954423546791077,0.08545688054223019,0.06900807319406076,33.22767375246744
99,0,152.91318268641507,139.14468527786448,130.20026509680963,108.27826914299752,62.97224801761769,149.01895211118034,60.496249093253155,151.8621583883706,132.14765460524796,141.53681902868283,0.14587779996061784,0.0847563531572808,0.09962244684755202,0.17229879747463495,0.12839383064147156,0.18472917314984108,0.25488525572500625,0.058332287171587865,0.12792687600877187,0.07691128335414553,-0.17157816886901855,0.05853259563446045,0.08728784871229306,0.06911048584786608,33.67868062755888
100,0,162.18881257730675,160.27129957583134,138.5546802732635,114.68852304401817,79.616167146588,135.69265051195572,70.42619321612348,149.78377173924324,151.1809304999576,154.66202945654808,0.12015392900557746,0.08482889152164293,0.10381841654656015,0.19213615697305084,0.10958611800624866,0.16100537767000048,0.2562751324735462,0.05335808996959167,0.1482572120649427,0.09721587008059691,-0.200766921043396,0.02354636788368225,0.06891299995500288,0.06418831917010469,34.69214767444652
101,0,163.76076097785463,172.94649080455275,159.59990846795276,156.44693458855645,141.75948329619564,92.57796290471,94.78688643345288,116.77835371810404,161.35877043732665,162.39450411200386,0.11731528968652327,0.11586362498871418,0.11599872118072163,0.19872402958113586,0.08914825165502184,0.15080878870377867,0.25697772834352683,0.0746215695229271,0.1774513786902559,0.10626365448555876,-0.20362630486488342,0.011375457048416138,0.05173469312808697,0.04677811640829081,34.929083908589064
102,0,163.69084878752378,163.10323473453755,159.04955985847997,159.54127889441895,104.34721734386386,118.59797130823839,71.65141238435152,134.81448286778325,169.23552891467688,165.47628115829238,0.1441725598054907,0.11538830634984343,0.128345996069899,0.20196273496920872,0.08539229250781752,0.14323996004838432,0.2590492478099542,0.06164412309235372,0.17669233745288856,0.11614140352984438,-0.1771005392074585,0.043445855379104614,0.06950751308788208,0.060702717913616096,41.266641338572136
103,0,160.21172825636748,158.36079806250333,159.57046118437637,156.22435907965132,118.91703099727462,105.8847681501877,62.916550632965574,143.01268816836483,152.37407284237244,141.23988081554418,0.15041007025873554,0.134877882972906,0.13640062368067699,0.19670762605036732,0.07780580089772672,0.14765389149644445,0.2651583123054712,0.07516462033970506,0.19497633976180506,0.12057656765673899,-0.16304799914360046,0.04871639609336853,0.07066729102975362,0.059829141715774165,42.861802132515365
104,0,159.8148448085645,149.713745280812,160.5828177171116,162.08170372970372,131.79357607788597,90.08837548129837,55.535802257558565,150.78787262511594,75.56311907852911,156.78313003737307,0.15318522565598647,0.13297652036350588,0.11381973122873831,0.14329859978618073,0.07716996356486223,0.15257977881733698,0.2587955603161718,0.0831879967091144,0.20202715786618747,0.12294717646021028,-0.15681517124176025,0.058703601360321045,0.07856922500537877,0.06279077785574698,43.15052592554176
105,0,172.22547739818782,159.44881564456193,132.1008458702001,144.77412110940614,97.13161075084905,117.78433545939565,41.182166559329154,155.71168980495224,41.87186358706727,167.43114539843208,0.10652646281483971,0.13011778108709374,0.10710917194862445,0.07394835668968815,0.033299532970314745,0.05880980901851443,0.11107812915997155,0.05032248662964244,0.12232412823514839,0.0795204589006912,-0.11863493919372559,0.05657505989074707,0.0695238207668147,0.061418072335238265,41.5896464838532
106,0,145.73489205009307,149.20876399335387,158.0252957442307,151.2883571762732,105.36435843349875,95.37061910224064,34.09253873796974,158.11731842311767,63.908639983316476,157.69516269883863,0.157018338768967,0.13179655667854875,0.08009337952542235,0.10802642177372704,0.0780501283231377,0.16193574832486166,0.24583533217812967,0.1038922581136086,0.20028151361963717,0.09864515173202519,-0.1507958173751831,0.06504100561141968,0.08051245614713058,0.04484940741921012,36.122019829687936
107,0,150.65389091808757,172.19121527099966,153.23343960575346,112.93035778198029,120.01072083289492,111.07286222701427,42.968278557444954,165.89491949387164,68.5956781336522,167.35694100399803,0.150043822954904,0.12119681150752387,0.04888056606593808,0.08617319101462889,0.07017772300168315,0.1543105715026285,0.23168844167492042,0.10567036729667835,0.19120934393791503,0.08631565100903636,-0.160276859998703,0.05750635266304016,0.07703301220508282,0.04652851489177737,34.90537427499359
108,0,147.67205980142572,152.6950811787215,132.48081866268805,116.23564785318307,66.11201078718827,140.2550977105834,50.9218680941206,154.45865765331942,78.61542443035309,153.98779683826717,0.14899780678145855,0.11173328127907087,0.08840585727745072,0.13339664842987198,0.10307511166965777,0.18643539198019635,0.2583197222462765,0.10161191743562549,0.17998470227851532,0.07846295615404744,-0.15621578693389893,0.06393522024154663,0.08372264172020835,0.06513252962421247,36.71311435334828
109,0,149.77647314712178,154.54371934561678,113.31288702506531,100.66804829346464,57.296071053367044,146.92461856660094,58.92674806760651,152.54062957032696,83.74177519567549,149.68274191089063,0.13159233611903773,0.08836779170643226,0.08581329744368721,0.12955757719213157,0.100631087662761,0.17501444357438786,0.23792843400114622,0.08373867636202555,0.15026223743191738,0.06655562237064475,-0.1650412380695343,0.05585169792175293,0.07985543486105498,0.06241280875851013,35.31003587497367
110,0,153.4303618164968,161.93375457360742,129.04770193689507,95.01720069714808,52.91078917120311,149.22612158208054,50.80968570646065,152.94294254320295,91.79306581642496,131.63114280114573,0.11349682904674181,0.07311089436757508,0.09264904417675346,0.14040738801649105,0.10406590926995461,0.16297971648673393,0.21575761948088928,0.061475165469201634,0.11236931383044317,0.05371692234719227,-0.18918177485466003,0.029859870672225952,0.06293198273552451,0.050941117552976645,34.395389397530295
111,0,168.952367342477,177.6415368469543,161.00123765050876,152.48600166872245,100.13684946995922,112.02954121051503,77.72969290325231,132.17150399809063,150.77449830357676,143.7350524036444,0.07643341597804015,0.07191461817876126,0.10482100444685903,0.18404834201378706,0.07186635975847197,0.12079399976215785,0.19832510078179383,0.049648972947444595,0.12877335497142378,0.08116111505062198,-0.23908567428588867,-0.028562605381011963,0.05417054038446415,0.03527283493391957,35.46363115357966
112,0,162.39351117807158,154.10863948138754,174.2705257478696,174.3323471634877,162.61895502403402,119.8720123928959,129.82360488396898,91.0535646845002,167.41099783308357,167.40656118484833,0.16442291511169113,0.1643462228471725,0.15521848286142792,0.21708690868347552,0.0718837204572359,0.12907258777592548,0.22132424039139142,0.06399467153457729,0.15265507231798892,0.09306010710055693,-0.16073209047317505,0.03812205791473389,0.05000539015489179,0.03980516758691316,40.17850154323368
113,0,162.9496913068824,161.4264234139117,174.27114511614758,175.13933436650132,170.53326589610694,166.805792087688,172.06404758487082,137.19858246903758,172.5310644543993,170.85253857670426,0.18089766507886143,0.1976644892238363,0.19415217550172176,0.24179024911207767,0.07305870942289389,0.13057715228630415,0.23726026907338482,0.06729541327043227,0.17335459206691428,0.10880036881154635,-0.14502841234207153,0.04962301254272461,0.05795137869183042,0.038190292778019205,42.12985080445056
114,0,160.1114763833888,157.18844728147846,164.44179425930523,152.37912785326193,137.49806484383288,61.212405653892276,70.88529350341067,128.65623117232437,162.41140759506638,162.3978342142852,0.11558600034667066,0.11191088472835328,0.1169429110711427,0.1957240368185253,0.07389978112893837,0.13578761669963427,0.23113772683804598,0.06742567025198766,0.1606004842034271,0.09610271794050294,-0.18029290437698364,0.023265361785888672,0.04194660125386973,0.030419275325101358,36.83135940266136
115,0,161.99630449407047,150.37924183408876,160.25837129771287,153.58868510661992,125.43463655520475,80.44139380689477,47.95962961523472,152.55098736678252,157.00218401362497,157.32117238569717,0.1266234826810807,0.11993087410954936,0.11261002623455975,0.19806219982055578,0.07878223455618605,0.1560843676701673,0.24239718524719656,0.08920488974720614,0.16820281728928993,0.09174442714165378,-0.18053138256072998,0.02518707513809204,0.0483133673405746,0.03949084739767146,37.1908865156108
116,0,160.40041641763477,152.50273715267087,151.39103778422052,105.31464277986306,90.56013270743203,114.86584290946827,54.95724457128893,148.4448100466355,155.20321930286087,154.1294904220809,0.12519851445784322,0.11338005555870694,0.12336657943850339,0.20244805375963176,0.07919378464220425,0.14982683698239227,0.24010631151506354,0.07512314941191764,0.1641071714537156,0.09245689785663093,-0.1768292784690857,0.0328407883644104,0.05410331250429416,0.044610036195236506,37.750726992674906
117,0,164.53979688339058,171.3881467165028,140.59305462633634,84.38453739679805,81.22326590269454,118.6520064687862,53.06734459642484,148.4464432152298,151.2297144551948,152.3966446014468,0.0917192465711854,0.08460303007716875,0.10746232071376378,0.1912678511451376,0.07133031136973525,0.13976492619239492,0.2264554564615868,0.07183599416889823,0.15710804032620135,0.08920792718563231,-0.20124387741088867,0.010985076427459717,0.0442186673635642,0.036301783699838566,35.17060977628132
118,0,161.27969875164487,152.98033677623118,154.75516951229565,127.69026897089043,123.16350364227964,90.5408132717164,73.0750201153163,139.850820089693,152.86790541628295,151.63443796878482,0.13598739797518275,0.12477362540208227,0.12156658447676602,0.18303089869415265,0.06624773052272778,0.13703872285214855,0.21971213359910707,0.07509832828466066,0.1569788049538988,0.08432259920689814,-0.16973155736923218,0.04569035768508911,0.06235065987620418,0.045517654696439695,37.91781373998
119,0,167.362095424438,160.52035859597973,161.40349863871728,155.12857701158808,141.18535204326074,101.8554626523116,85.79652427745916,134.23909092437512,146.21646729798098,130.6027726018818,0.15298516298181275,0.15177204662326743,0.1411721987878087,0.18663604186884933,0.0692641095619819,0.14498806018992805,0.21942380127956557,0.08368971197811301,0.15744359982082784,0.07565809152605049,-0.16928112506866455,0.040836066007614136,0.06408307058777314,0.056564073680873864,42.90698550832652
120,0,167.85296533397786,163.08428990467945,168.07352062964145,172.7289038735302,153.19735005537945,90.39708266142388,70.62865117210461,137.74682764952954,136.7182853521947,93.63315730032137,0.17268967763209117,0.1652937561410204,0.13224703210039088,0.14026319812231958,0.06680228710869072,0.1366003436687495,0.20104059202726532,0.07998199183754215,0.14661584204530553,0.06672605297645244,-0.1334989070892334,0.0547296404838562,0.07373018251350308,0.05880881561473812,44.52689970730638
121,0,160.6666196533135,164.8423449648569,154.8804527037381,155.30174890037117,107.940133233139,108.18617977250211,59.12556850325913,146.66602594820046,83.08826612660323,131.30762894951158,0.15697788729463238,0.14004627246153056,0.12484131436778281,0.15019064599089435,0.07459093624457257,0.15020763169927526,0.21603459136038825,0.08095341604626015,0.14851765756972907,0.06785084818253687,-0.15291914343833923,0.05294954776763916,0.07015565028415884,0.055627699305710626,44.91767259638886
122,0,168.29775272302987,171.45596517508727,170.75556852436173,171.15638087871568,141.53396500888076,79.66196653265118,49.97307415475891,150.2165537000261,69.73764079006061,140.3389487068268,0.1813247264914796,0.17160270667200347,0.13168858436498818,0.11296773778048852,0.059967942302682244,0.12387567579950808,0.1791310385919928,0.07370243988738463,0.13437211220043416,0.061508514345430844,-0.12161707878112793,0.0674867331981659,0.07427986607713746,0.04678275816011629,47.34243568548703
123,0,169.89276235930566,170.47357190825701,162.74248090237072,177.39154277683554,86.06622006166818,131.1165401312421,43.52656687268938,159.10295746676817,67.2739189412829,146.0288145621481,0.16688652682133331,0.136854397314536,0.10044869195484431,0.09158187826260081,0.0628867442954806,0.12541213065151383,0.17152484889527334,0.06736820020827168,0.11593453442788586,0.04880644039846094,-0.1364988088607788,0.060099631547927856,0.0787356145204965,0.06339345918062805,40.6691870720762
124,0,157.75674130547688,163.74339621752762,31.84592305601431,147.86896128584002,32.17378813913242,161.90340740339116,31.653730980024186,162.54883936338675,41.52418134844688,160.45901668605873,0.061082879589159075,0.1017548550718516,0.09980733173944675,0.11899164549156184,0.04344838128517852,0.04749727308648117,0.08500150539696803,0.01975849056978565,0.0649088974171422,0.04668237344750767,-0.11037421226501465,0.024694114923477173,0.03419665216814462,-0.007492315141554254,54.19502600094716
125,0,157.45670183572034,159.27156772950974,154.58261476725932,152.48538310425207,69.43355675470991,126.53250282155841,35.345753257183446,155.4349040409649,51.59321140273921,147.49639649243306,0.1296182019056446,0.10715352227993069,0.09152863759028147,0.12262402530546496,0.07465602110030031,0.15719647848674975,0.2213558270398142,0.09273307378057774,0.1621750980882031,0.07020914730218637,-0.18445727229118347,0.036024898290634155,0.055703037103437644,0.04158331805113987,36.10663744283214
126,0,151.16627525104437,155.03537698932965,158.80824459267964,133.4799357136419,98.1844274176052,110.95756350006548,42.19784782411555,156.30133428097167,61.6266646892007,157.18533343339175,0.16412586216425565,0.14316259074121548,0.09569612801547898,0.10596130486252825,0.0748702805939895,0.15493457194945884,0.23272074808108,0.09562526786783532,0.18249121991568593,0.0881335381566544,-0.14495247602462769,0.07687816023826599,0.09160031250782948,0.0612344563689381,37.95592388239008
127,0,151.40597843000108,156.5669937242807,159.098264919821,162.37059977779617,96.46473745417079,119.88766652334635,50.77933968973035,152.95410568275838,80.25090967454412,153.7760549506263,0.16850617689686834,0.14387231469107117,0.10734141206147284,0.12542428206446102,0.07657005993624992,0.16461459858718547,0.25552926574935614,0.09934414665567544,0.19985162517967128,0.10326144180953394,-0.14375203847885132,0.07321187853813171,0.08961991833094242,0.06510802386737635,39.81604253139942
128,0,144.0423108266742,153.71964943222085,164.6571349846322,171.7992230431698,120.02635573117162,100.30788730725943,44.86535821095688,156.9627837756301,81.7518990711969,158.23975261846243,0.17762281191471435,0.16099330600321535,0.10618242914330014,0.12385732877572164,0.07944455091229215,0.17657953841254853,0.265147703278512,0.11842034994621294,0.21724117674627874,0.10070707307154131,-0.1401960253715515,0.07845762372016907,0.08746198238425874,0.0547597375450857,38.63978911473465
129,0,137.28050297312453,157.03286463555233,149.85084453393424,155.09813783416786,78.31277107312413,126.81752881314229,44.478021284250694,153.54528753206995,87.39355181249789,153.4211530466357,0.1792332635221207,0.1490511976918726,0.098338408619289,0.11703559208580072,0.08061120396076608,0.17166328420454088,0.2606768695834698,0.1062888866483215,0.20525920219939486,0.10089230325345387,-0.1273898482322693,0.09001749753952026,0.1023939416505282,0.0628093562543897,37.00967035887319
130,0,143.72501400816034,170.14337084638257,162.7318220976255,154.6762111080596,150.5646902240327,114.72595704369795,41.80828621770923,163.8516153328046,89.64708244771684,167.7928023405379,0.17484809924375153,0.16051968234743216,0.06086402090081545,0.08457928097243439,0.07255166295809728,0.16578999873583755,0.25047488847691446,0.13002462521298555,0.2253274901737144,0.09637523619200729,-0.14509296417236328,0.07444453239440918,0.09393195782874234,0.05401281663462253,32.44005202241965
131,0,132.6245935031662,166.28791336016565,134.64659027424102,145.41272363473163,66.58092519233355,136.3121821791849,58.5654531484863,148.41236370523768,116.08735981878225,140.89331438454374,0.17166146396764986,0.12925537243311738,0.07298688134118904,0.12952418449756672,0.08680539011799386,0.18655359349215136,0.2780580456543327,0.11765961691793834,0.21630736258252045,0.09928980285854185,-0.1285575032234192,0.08580559492111206,0.10447843327656743,0.06413085881250385,32.77551710336832
132,0,131.85464625322652,165.89062636904163,76.87562142237459,121.55988036299816,55.63615612155604,141.66467340955856,66.84296659372771,143.6747312740262,118.21519606532563,134.3824688591449,0.12862728009012422,0.11359635429681214,0.07467023945859325,0.14661083838025812,0.06824371903119444,0.16412151439428652,0.2499423724406021,0.12298480514348266,0.2116339320012459,0.08989873248439038,-0.13446375727653503,0.08038905262947083,0.10160168305212229,0.07297521441591255,32.81270638968323
133,0,148.77802344439243,175.80161230656338,64.29638937254614,138.04709257872506,55.64270102509419,142.94833248208187,68.2933710757332,151.66599009067565,107.22707564626117,146.8351464604429,0.06475645092814365,0.06736329572423264,0.09495832202418092,0.15345167419454456,0.04784628062414042,0.14719533292963438,0.21126514806136526,0.11935378544711345,0.1864462851984529,0.0672159065065388,-0.19599688053131104,0.03458589315414429,0.052452035837097774,0.03721886962831734,31.498653061256952
134,0,147.65633517401477,157.08339713773802,93.63211191912866,121.84651714712895,67.60247939434117,140.4389723633584,78.08302528987224,149.54127146142673,103.5273107013781,148.39649171016754,0.10071213153105919,0.06537835400781489,0.08380117838670302,0.13089775781079716,0.07481899578667574,0.1694449475864359,0.22324536785217852,0.10431488259778329,0.15945817758669928,0.055327719697206776,-0.18559664487838745,0.049077630043029785,0.07472809459102786,0.05621623907833945,30.811646993253163
135,0,152.56547358648027,156.05412668283836,122.51748316868597,109.04244844297364,57.30293441088392,147.95203255468007,69.5566248051846,149.16701051564658,104.3743940879212,140.27702521126747,0.12661328846771427,0.06971401836150873,0.09545524061610648,0.14463006337379386,0.11189837773991515,0.1931289196858934,0.24634975625302122,0.08575354166617619,0.13674845090148866,0.053829842536354665,-0.18586573004722595,0.04763755202293396,0.07525499410687507,0.06218030600996606,32.966681850176776
136,0,156.50384563085154,155.35704425869602,142.5308434682362,117.23234114140114,64.83312706019787,143.45521982417472,68.60342282616796,149.36347705144252,126.24720491966268,134.55812424764937,0.11740812696193843,0.061181501849052515,0.09637374804584331,0.15253639351289383,0.12384792311386261,0.1905991529578763,0.2408253752959633,0.06927226107731937,0.11710621538999814,0.05835996983509345,-0.20243722200393677,0.029992014169692993,0.05833030303409347,0.04703570107797587,31.567597295560663
137,0,168.7061843238738,176.876985807334,157.95127854087653,151.79854834765925,60.46424847925627,146.6469741718712,58.923571504591344,150.04954020724324,135.08745696364045,143.07830184759143,0.06306307011589345,0.09326478877747807,0.14462636583569247,0.2016074751521715,0.1431876449105415,0.19703324061727576,0.24705892989773212,0.05452892457553484,0.1091956590489227,0.06938285090840468,-0.2626231014728546,-0.029446452856063843,0.0461518501656656,0.024542767432972262,28.8855113313479
138,0,173.0664550376423,171.00987038575812,74.47270231622817,136.75869678858945,61.689226217012475,147.2037463496755,57.899401680513755,153.96655226966922,147.15339200745527,156.5689365171045,0.06714708418538146,0.13141514671524726,0.17879689284212325,0.22648092678482873,0.06518587698290619,0.11300207071488134,0.16104674985437228,0.04790436298811846,0.10446612769596057,0.07226731132015654,-0.28744441270828247,-0.058878809213638306,0.06031677783227615,0.001797846271281954,28.68900877254899
139,0,165.19755638248176,177.82789956807784,172.2689089912477,151.74365928841047,53.198777069302515,149.19390221921435,46.72811089401614,154.75111877461185,143.74581048843604,149.70775150556707,0.08933724205384803,0.07169402731545378,0.12195094933279764,0.19503156038171496,0.15179946470981195,0.20326602455140225,0.2688979362690685,0.05201518515602181,0.12407483695738819,0.08138731151693264,-0.23766976594924927,-0.011563748121261597,0.036988728077878806,0.022305941569683768,30.84354235219773
140,0,168.30631100737227,177.41208148668971,152.12215374231116,91.04201664596366,47.094939311290354,153.7661077511552,42.76431306987562,159.8234869578194,139.5948736748639,144.01984562586662,0.05324800607401306,0.07494822762273685,0.13202591790038404,0.2114382896476658,0.11461426300403078,0.1760149086373817,0.2544335247520448,0.06407403739387986,0.14034007637687568,0.08017826977950322,-0.24505221843719482,-0.027939975261688232,0.0441723152116839,0.026527456366340425,32.90726770090196
141,0,165.89213081178778,175.45671519357484,135.97908616889367,82.14385043774168,52.07901513128946,153.61206642959021,36.461930837669144,167.78331447900314,115.96059654728155,146.69663680960176,0.06109012907839932,0.0619064952305938,0.10225627787569705,0.18236973723165725,0.08337900079361403,0.1435258052157276,0.23173028951345293,0.06573228924830615,0.1563828302237459,0.09100643274787559,-0.22695574164390564,-0.00620618462562561,0.03508730298540534,0.030976348040632706,35.665131966911986
142,0,161.95062557832668,170.57334725648022,126.03660089781076,110.79412218247347,74.13063075799934,137.7060809584926,40.33925026763377,164.10374514656405,66.8754063036453,166.9943015423974,0.08082855290415926,0.06875259407320757,0.08823773952096944,0.16213883262169126,0.05582012412502025,0.13315527749427347,0.22694482083553932,0.08375427343435779,0.18173402828709823,0.09930352854231016,-0.20621579885482788,0.004639297723770142,0.04715994485364868,0.046407085443883916,36.98121511232558
143,0,155.25560577881356,155.52379688513142,145.04867925280794,160.99728787494288,76.50936803933858,128.7101998451852,42.265624760978255,161.33144812227437,76.80538118090004,160.78328138315553,0.17316842395456908,0.14145232069154298,0.07966763454374869,0.08586569544598109,0.0682438846905217,0.14894299059486318,0.23191660163630662,0.093683670015464,0.18764789186721723,0.09693938592988804,-0.12843704223632812,0.08449980616569519,0.10842608900950644,0.07543524985363713,35.7281252218719
144,0,163.37809692956154,161.62891801478057,118.5458180369812,141.6661210815091,54.55679669346447,155.74479161947852,39.943802134908374,165.76301141174523,69.00465087753079,168.59051284972543,0.16960116683750792,0.12136855507866151,0.0813416346603473,0.09253759918927451,0.06701540979965184,0.13497514598859553,0.2196864308466973,0.07237561061816275,0.1636469808019535,0.09371702978987488,-0.13055533170700073,0.08873578906059265,0.12642147602056103,0.09446981260161985,33.94359711131244
145,0,154.43559131540042,153.76849756196827,104.87503046594287,133.00114623631376,52.50770645324154,153.16261003449026,39.62788736854756,162.85185146193123,64.10605311006135,163.77542286123173,0.1475681546986765,0.11722210512588602,0.08061259236908883,0.1071949278425295,0.06715773060538203,0.13595546373676734,0.21893148277410499,0.0787328590452535,0.1702084309493648,0.09293643616565868,-0.148596853017807,0.08036890625953674,0.11405477258703094,0.08626093413350866,33.996505568685315
146,0,170.29259972888366,157.45645845360355,128.178185789935,139.8098215770806,74.08255886748091,144.24837035862154,42.21654581668568,166.62097194163107,55.873618885937496,167.43165143918267,0.16451702882374805,0.13984757913584453,0.08811802413085684,0.07731201378445382,0.05937868480704349,0.12177619014132268,0.20115008814661273,0.07668029916747834,0.1670134859111812,0.09240760127558911,-0.14228224754333496,0.07427459955215454,0.11769604792863415,0.09160471483622804,33.6397021114439
147,0,151.0158442436731,148.8355037379808,93.42779984947636,136.94753133817815,52.623766885081174,157.93202344335072,43.56071929954002,167.28093678905032,61.93771416778109,167.52275230258283,0.1284922430629703,0.10369832922365663,0.07238097770115362,0.0988810889087344,0.06069894143933898,0.12354596811025971,0.20040441860431227,0.07297049824071583,0.1580206044762664,0.08643378298595408,-0.16694903373718262,0.07234299182891846,0.11097278408379932,0.08690864884885408,33.749709862917065
148,0,152.72402200621045,148.25133411449548,102.59816033190758,126.4654475216241,55.42420146041369,153.33265201472972,37.65756635715005,167.73167285374464,50.06893823741444,167.809792667604,0.12056707367754735,0.10477361472572302,0.0776787286139615,0.11042968932437176,0.06103704328943716,0.12378262389326235,0.20483805371054709,0.07529990554138598,0.1652153972907409,0.09107677110225058,-0.17757073044776917,0.05770716071128845,0.09228931658098542,0.0745095200311091,35.12127255633076
149,0,152.61042770471428,148.81068329399955,113.85841222884086,119.73631704411768,50.93081496706784,154.09520912883835,38.759347260842596,161.87907986770702,43.03404545109179,164.62497518758047,0.12576299939142044,0.10295804020236173,0.09452111451913311,0.11639623783953708,0.05934256382259198,0.12561621786587762,0.20479730397180168,0.06880898199966017,0.15543991700361184,0.09167366076370685,-0.17511484026908875,0.05604374408721924,0.09515704174295386,0.07757915672481662,37.926058900657665
